{"type":"FeatureCollection","name":"spontanidrott","features":[{"type":"Feature","geometry":{"type":"Point","coordinates":[17.1497,60.6983]},"properties":{"NAMN":"Stigslund","TYP":"Fotboll","UPDDATUM":"20240215"}},{"type":"Feature","geometry":{"type":"Point","coordinates":[17.1421,60.7048]},"properties":{"NAMN":"Stigshöjden","TYP":"Fotboll","UPDDATUM":"20240215"}},{"type":"Feature","geometry":{"type":"Point","coordinates":[17.1663,60.719]},"properties":{"NAMN":"Varva","TYP":"Fotboll","UPDDATUM":"20240215"}},{"type":"Feature","geometry":{"type":"Point","coordinates":[17.1677,60.7188]},"properties":{"NAMN":"Varva skola","TYP":"Tennis","UPDDATUM":"20240215"}},{"type":"Feature","geometry":{"type":"Point","coordinates":[17.149,60.6985]},"properties":{"NAMN":"Solgläntan","TYP":"Basket","UPDDATUM":"20240215"}},{"type":"Feature","geometry":{"type":"Point","coordinates":[17.1726,60.7232]},"properties":{"NAMN":"Södra Åsvägen","TYP":"Fotboll","UPDDATUM":"20240215"}},{"type":"Feature","geometry":{"type":"Point","coordinates":[17.1704,60.7161]},"properties":{"NAMN":"Varvaterassen","TYP":"Tennis","UPDDATUM":"20240215"}},{"type":"Feature","geometry":{"type":"Point","coordinates":[17.1677,60.7202]},"properties":{"NAMN":"Arentvägen","TYP":"Fotboll","UPDDATUM":"20240215"}},{"type":"Feature","geometry":{"type":"Point","coordinates":[17.1067,60.6942]},"properties":{"NAMN":"Rävpasset","TYP":"Landhockey","UPDDATUM":"20240308"}},{"type":"Feature","geometry":{"type":"Point","coordinates":[17.0917,60.6978]},"properties":{"NAMN":"Vinbärsvägen","TYP":"Fotboll","UPDDATUM":"20240215"}},{"type":"Feature","geometry":{"type":"Point","coordinates":[17.0981,60.6999]},"properties":{"NAMN":"Tussilagovägen","TYP":"Fotboll","UPDDATUM":"20240215"}},{"type":"Feature","geometry":{"type":"Point","coordinates":[17.1119,60.6741]},"properties":{"NAMN":"Boulognerskogen Vollyboll","TYP":"Volleyboll","UPDDATUM":"20240215"}},{"type":"Feature","geometry":{"type":"Point","coordinates":[17.1397,60.6482]},"properties":{"NAMN":"Brisgatan","TYP":"Tennis","UPDDATUM":"20240215"}},{"type":"Feature","geometry":{"type":"Point","coordinates":[17.1462,60.6523]},"properties":{"NAMN":"Stormgatan","TYP":"Fotboll","UPDDATUM":"20240215"}},{"type":"Feature","geometry":{"type":"Point","coordinates":[17.1633,60.6524]},"properties":{"NAMN":"Lövens Tä","TYP":"Fotboll","UPDDATUM":"20240215"}},{"type":"Feature","geometry":{"type":"Point","coordinates":[17.1513,60.6572]},"properties":{"NAMN":"Rågångsvägen","TYP":"Fotboll","UPDDATUM":"20240215"}},{"type":"Feature","geometry":{"type":"Point","coordinates":[17.111,60.696]},"properties":{"NAMN":"Skyttestigen","TYP":"Fotboll","UPDDATUM":"20240215"}},{"type":"Feature","geometry":{"type":"Point","coordinates":[17.1294,60.6591]},"properties":{"NAMN":"Skogsfruparken","TYP":"Fotboll","UPDDATUM":"20240215"}},{"type":"Feature","geometry":{"type":"Point","coordinates":[17.1452,60.661]},"properties":{"NAMN":"Urbergsterassen","TYP":"Fotboll","UPDDATUM":"20240215"}},{"type":"Feature","geometry":{"type":"Point","coordinates":[17.1378,60.6596]},"properties":{"NAMN":"Korpvägen","TYP":"Fotboll","UPDDATUM":"20240215"}},{"type":"Feature","geometry":{"type":"Point","coordinates":[17.1492,60.663]},"properties":{"NAMN":"Källbäcksparken","TYP":"Fotboll","UPDDATUM":"20240215"}},{"type":"Feature","geometry":{"type":"Point","coordinates":[17.1468,60.6686]},"properties":{"NAMN":"Nobellparken","TYP":"Fotboll","UPDDATUM":"20240215"}},{"type":"Feature","geometry":{"type":"Point","coordinates":[17.0333,60.6531]},"properties":{"NAMN":"Krogasvägen","TYP":"Fotboll","UPDDATUM":"20240215"}},{"type":"Feature","geometry":{"type":"Point","coordinates":[16.8917,60.6185]},"properties":{"NAMN":"Mariagatan","TYP":"Fotboll","UPDDATUM":"20240215"}},{"type":"Feature","geometry":{"type":"Point","coordinates":[17.0826,60.6742]},"properties":{"NAMN":"Lekgränd","TYP":"Tennis","UPDDATUM":"20240215"}},{"type":"Feature","geometry":{"type":"Point","coordinates":[17.0805,60.678]},"properties":{"NAMN":"Stenbäck","TYP":"Fotboll","UPDDATUM":"20240215"}},{"type":"Feature","geometry":{"type":"Point","coordinates":[17.081,60.6779]},"properties":{"NAMN":"Stenbäck","TYP":"Basket","UPDDATUM":"20240215"}},{"type":"Feature","geometry":{"type":"Point","coordinates":[17.0597,60.6664]},"properties":{"NAMN":"Kraftvägen","TYP":"Fotboll","UPDDATUM":"20240215"}},{"type":"Feature","geometry":{"type":"Point","coordinates":[17.1598,60.6795]},"properties":{"NAMN":"Gävle strand","TYP":"Skatepark","UPDDATUM":"20240215"}},{"type":"Feature","geometry":{"type":"Point","coordinates":[17.1593,60.6799]},"properties":{"NAMN":"Gävle strand","TYP":"Basket","UPDDATUM":"20240308"}},{"type":"Feature","geometry":{"type":"Point","coordinates":[17.1606,60.6704]},"properties":{"NAMN":"Stenebergsparken","TYP":"Tennis","UPDDATUM":"20240215"}},{"type":"Feature","geometry":{"type":"Point","coordinates":[17.1623,60.6717]},"properties":{"NAMN":"Stenebergsparken","TYP":"Fotboll","UPDDATUM":"20240215"}},{"type":"Feature","geometry":{"type":"Point","coordinates":[17.1869,60.6719]},"properties":{"NAMN":"Herrgårdshagen","TYP":"Fotboll","UPDDATUM":"20240215"}},{"type":"Feature","geometry":{"type":"Point","coordinates":[17.1879,60.6721]},"properties":{"NAMN":"Herrgårdshagen","TYP":"Tennis","UPDDATUM":"20240215"}},{"type":"Feature","geometry":{"type":"Point","coordinates":[17.1672,60.67]},"properties":{"NAMN":"Hillmanskroken","TYP":"Fotboll","UPDDATUM":"20240215"}},{"type":"Feature","geometry":{"type":"Point","coordinates":[17.2187,60.6784]},"properties":{"NAMN":"Holmsund","TYP":"Fotboll","UPDDATUM":"20240215"}},{"type":"Feature","geometry":{"type":"Point","coordinates":[17.2149,60.661]},"properties":{"NAMN":"Smaragdvägen","TYP":"Fotboll","UPDDATUM":"20240215"}},{"type":"Feature","geometry":{"type":"Point","coordinates":[17.236,60.6626]},"properties":{"NAMN":"Tranmur","TYP":"Fotboll","UPDDATUM":"20240215"}},{"type":"Feature","geometry":{"type":"Point","coordinates":[17.2362,60.6622]},"properties":{"NAMN":"Pukslagarvägen","TYP":"Tennis","UPDDATUM":"20240215"}},{"type":"Feature","geometry":{"type":"Point","coordinates":[16.9983,60.3985]},"properties":{"NAMN":"Hagalundsvägen","TYP":"Fotboll","UPDDATUM":"20240215"}},{"type":"Feature","geometry":{"type":"Point","coordinates":[16.9967,60.394]},"properties":{"NAMN":"Mejerivägen","TYP":"Fotboll","UPDDATUM":"20240215"}},{"type":"Feature","geometry":{"type":"Point","coordinates":[17.1009,60.6956]},"properties":{"NAMN":"Älgpasset","TYP":"Landhockey","UPDDATUM":"20240215"}},{"type":"Feature","geometry":{"type":"Point","coordinates":[16.9981,60.6479]},"properties":{"NAMN":"Bäckvägen","TYP":"Tennis","UPDDATUM":"20240215"}},{"type":"Feature","geometry":{"type":"Point","coordinates":[17.1584,60.675]},"properties":{"NAMN":"Kv springer","TYP":"Fotboll","UPDDATUM":"20240215"}},{"type":"Feature","geometry":{"type":"Point","coordinates":[17.0989,60.6872]},"properties":{"NAMN":"Pingeltorpsvägen","TYP":"Tennis","UPDDATUM":"20240215"}},{"type":"Feature","geometry":{"type":"Point","coordinates":[17.2335,60.6732]},"properties":{"NAMN":"Rostadsvägen","TYP":"Fotboll","UPDDATUM":"20240215"}},{"type":"Feature","geometry":{"type":"Point","coordinates":[17.1355,60.6623]},"properties":{"NAMN":"Vesslevägen","TYP":"Fotboll","UPDDATUM":"20240215"}},{"type":"Feature","geometry":{"type":"Point","coordinates":[17.1587,60.6794]},"properties":{"NAMN":"Öster","TYP":"Fotboll","UPDDATUM":"20240215"}},{"type":"Feature","geometry":{"type":"Point","coordinates":[17.1124,60.6727]},"properties":{"NAMN":"Stora Vall","TYP":"Gym","UPDDATUM":"20240405"}},{"type":"Feature","geometry":{"type":"Point","coordinates":[17.0949,60.6782]},"properties":{"NAMN":"Lexevägen","TYP":"Gym","UPDDATUM":"20240405"}},{"type":"Feature","geometry":{"type":"Point","coordinates":[17.2343,60.6731]},"properties":{"NAMN":"Rostadsvägen","TYP":"Gym","UPDDATUM":"20240405"}},{"type":"Feature","geometry":{"type":"Point","coordinates":[16.8966,60.6151]},"properties":{"NAMN":"Pilparken","TYP":"Gym","UPDDATUM":"20240405"}},{"type":"Feature","geometry":{"type":"Point","coordinates":[17.1135,60.6744]},"properties":{"NAMN":"Stadsbadet","TYP":"Gym","UPDDATUM":"20240405"}},{"type":"Feature","geometry":{"type":"Point","coordinates":[17.1792,60.6748]},"properties":{"NAMN":"Hammarparken","TYP":"Boule","UPDDATUM":"20240308"}},{"type":"Feature","geometry":{"type":"Point","coordinates":[17.1684,60.6794]},"properties":{"NAMN":"Toppsockergränd","TYP":"Gym","UPDDATUM":"20240405"}},{"type":"Feature","geometry":{"type":"Point","coordinates":[17.2087,60.6677]},"properties":{"NAMN":"Långbackavägen","TYP":"Fotboll","UPDDATUM":"20240308"}},{"type":"Feature","geometry":{"type":"Point","coordinates":[17.1223,60.6559]},"properties":{"NAMN":"Fridhem","TYP":"Fotboll","UPDDATUM":"20240215"}},{"type":"Feature","geometry":{"type":"Point","coordinates":[17.169,60.6752]},"properties":{"NAMN":"Högbergsparken","TYP":"Fotboll","UPDDATUM":"20240215"}},{"type":"Feature","geometry":{"type":"Point","coordinates":[17.0917,60.6916]},"properties":{"NAMN":"Ny-Öster","TYP":"Fotboll","UPDDATUM":"20240308"}},{"type":"Feature","geometry":{"type":"Point","coordinates":[17.1514,60.6684]},"properties":{"NAMN":"Navigationsparken","TYP":"Parkour","UPDDATUM":"20240215"}},{"type":"Feature","geometry":{"type":"Point","coordinates":[17.1614,60.6733]},"properties":{"NAMN":"Stenebergsparken","TYP":"Skridsko","UPDDATUM":"20240215"}},{"type":"Feature","geometry":{"type":"Point","coordinates":[17.1342,60.6647]},"properties":{"NAMN":"Fjärran Höjder","TYP":"Skridsko","UPDDATUM":"20240215"}},{"type":"Feature","geometry":{"type":"Point","coordinates":[17.1072,60.6959]},"properties":{"NAMN":"Ulvsäterskolan Sätra","TYP":"Skridsko","UPDDATUM":"20240215"}},{"type":"Feature","geometry":{"type":"Point","coordinates":[17.2249,60.6634]},"properties":{"NAMN":"Vikingaskolan Bomhus","TYP":"Skridsko","UPDDATUM":"20240215"}},{"type":"Feature","geometry":{"type":"Point","coordinates":[17.2362,60.6622]},"properties":{"NAMN":"Pukslagarvägen","TYP":"Basket","UPDDATUM":"20240308"}},{"type":"Feature","geometry":{"type":"Point","coordinates":[17.0517,60.6553]},"properties":{"NAMN":"Guldsmedsvägen","TYP":"Tennis","UPDDATUM":"20240215"}},{"type":"Feature","geometry":{"type":"Point","coordinates":[17.2143,60.6639]},"properties":{"NAMN":"Vikingavägen","TYP":"Tennis","UPDDATUM":"20240215"}},{"type":"Feature","geometry":{"type":"Point","coordinates":[17.1446,60.6714]},"properties":{"NAMN":"Klockgjutareparken","TYP":"Boule","UPDDATUM":"20240215"}},{"type":"Feature","geometry":{"type":"Point","coordinates":[17.144,60.6679]},"properties":{"NAMN":"Vallbacksskolan","TYP":"Fotboll","UPDDATUM":"20240215"}},{"type":"Feature","geometry":{"type":"Point","coordinates":[17.0991,60.687]},"properties":{"NAMN":"Pingeltorp lekplats","TYP":"Gym","UPDDATUM":"20240405"}},{"type":"Feature","geometry":{"type":"Point","coordinates":[17.2253,60.6623]},"properties":{"NAMN":"Vikingavägen","TYP":"Fotboll","UPDDATUM":"20240215"}},{"type":"Feature","geometry":{"type":"Point","coordinates":[17.2184,60.6642]},"properties":{"NAMN":"Nordmannavägen","TYP":"Fotboll","UPDDATUM":"20240215"}},{"type":"Feature","geometry":{"type":"Point","coordinates":[17.2077,60.6706]},"properties":{"NAMN":"Karin Källs väg","TYP":"Fotboll","UPDDATUM":"20240215"}},{"type":"Feature","geometry":{"type":"Point","coordinates":[17.1575,60.6954]},"properties":{"NAMN":"Laxgången","TYP":"Fotboll","UPDDATUM":"20240215"}},{"type":"Feature","geometry":{"type":"Point","coordinates":[17.226,60.6668]},"properties":{"NAMN":"Masurgatan","TYP":"Fotboll","UPDDATUM":"20240215"}},{"type":"Feature","geometry":{"type":"Point","coordinates":[17.2218,60.6681]},"properties":{"NAMN":"Myrmalmsvägen","TYP":"Multisport","UPDDATUM":"20240417"}},{"type":"Feature","geometry":{"type":"Point","coordinates":[17.1189,60.6653]},"properties":{"NAMN":"Hedvigslund","TYP":"Fotboll","UPDDATUM":"20240215"}},{"type":"Feature","geometry":{"type":"Point","coordinates":[17.1656,60.6816]},"properties":{"NAMN":"Redargatan","TYP":"Fotboll","UPDDATUM":"20240215"}},{"type":"Feature","geometry":{"type":"Point","coordinates":[17.0907,60.6921]},"properties":{"NAMN":"Sätra Vattentorn","TYP":"Pulkabacke","UPDDATUM":"20240215"}},{"type":"Feature","geometry":{"type":"Point","coordinates":[17.1012,60.688]},"properties":{"NAMN":"Pingeltorp","TYP":"Pulkabacke","UPDDATUM":"20240215"}},{"type":"Feature","geometry":{"type":"Point","coordinates":[17.1023,60.6961]},"properties":{"NAMN":"Ängsull","TYP":"Pulkabacke","UPDDATUM":"20240215"}},{"type":"Feature","geometry":{"type":"Point","coordinates":[17.0725,60.6782]},"properties":{"NAMN":"Stenbäcken","TYP":"Pulkabacke","UPDDATUM":"20240215"}},{"type":"Feature","geometry":{"type":"Point","coordinates":[17.0619,60.67]},"properties":{"NAMN":"Krönet","TYP":"Pulkabacke","UPDDATUM":"20240215"}},{"type":"Feature","geometry":{"type":"Point","coordinates":[17.0642,60.6672]},"properties":{"NAMN":"Durovägen","TYP":"Pulkabacke","UPDDATUM":"20240215"}},{"type":"Feature","geometry":{"type":"Point","coordinates":[16.9952,60.6423]},"properties":{"NAMN":"Siporexparken","TYP":"Pulkabacke","UPDDATUM":"20240215"}},{"type":"Feature","geometry":{"type":"Point","coordinates":[17.1396,60.6488]},"properties":{"NAMN":"Andersberg","TYP":"Pulkabacke","UPDDATUM":"20240215"}},{"type":"Feature","geometry":{"type":"Point","coordinates":[17.1832,60.6721]},"properties":{"NAMN":"Herrgårdshagen","TYP":"Pulkabacke","UPDDATUM":"20240215"}},{"type":"Feature","geometry":{"type":"Point","coordinates":[17.1686,60.7165]},"properties":{"NAMN":"Varvaterassen","TYP":"Pulkabacke","UPDDATUM":"20240215"}},{"type":"Feature","geometry":{"type":"Point","coordinates":[17.1664,60.735]},"properties":{"NAMN":"Västerbacken","TYP":"Pulkabacke","UPDDATUM":"20240215"}},{"type":"Feature","geometry":{"type":"Point","coordinates":[17.2088,60.6669]},"properties":{"NAMN":"Långbackavägen","TYP":"Pulkabacke","UPDDATUM":"20240215"}},{"type":"Feature","geometry":{"type":"Point","coordinates":[17.2218,60.6674]},"properties":{"NAMN":"Upplandsleden","TYP":"Pulkabacke","UPDDATUM":"20240215"}},{"type":"Feature","geometry":{"type":"Point","coordinates":[17.2349,60.66]},"properties":{"NAMN":"Hövdingavägen","TYP":"Pulkabacke","UPDDATUM":"20240215"}},{"type":"Feature","geometry":{"type":"Point","coordinates":[17.0916,60.6985]},"properties":{"NAMN":"Vinbärsgården","TYP":"Pulkabacke","UPDDATUM":"20240215"}},{"type":"Feature","geometry":{"type":"Point","coordinates":[17.0898,60.701]},"properties":{"NAMN":"Vinbärsvägen","TYP":"Pulkabacke","UPDDATUM":"20240215"}},{"type":"Feature","geometry":{"type":"Point","coordinates":[17.1815,60.7074]},"properties":{"NAMN":"Lindbacka","TYP":"Pulkabacke","UPDDATUM":"20240215"}},{"type":"Feature","geometry":{"type":"Point","coordinates":[17.1426,60.6523]},"properties":{"NAMN":"Andersberg rymden","TYP":"Pulkabacke","UPDDATUM":"20240215"}},{"type":"Feature","geometry":{"type":"Point","coordinates":[17.0124,60.641]},"properties":{"NAMN":"Skolvägen","TYP":"Pulkabacke","UPDDATUM":"20240215"}},{"type":"Feature","geometry":{"type":"Point","coordinates":[17.1587,60.6429]},"properties":{"NAMN":"Skogslekplatsen Hemlingby","TYP":"Gym","UPDDATUM":"20240405"}},{"type":"Feature","geometry":{"type":"Point","coordinates":[17.2215,60.672]},"properties":{"NAMN":"Bomhus vattentorn","TYP":"Pulkabacke","UPDDATUM":"20240215"}},{"type":"Feature","geometry":{"type":"Point","coordinates":[17.0981,60.6998]},"properties":{"NAMN":"Primulavägen","TYP":"Annan","UPDDATUM":"20240304"}},{"type":"Feature","geometry":{"type":"Point","coordinates":[17.098,60.6997]},"properties":{"NAMN":"Primulavägen","TYP":"Basket","UPDDATUM":"20240304"}},{"type":"Feature","geometry":{"type":"Point","coordinates":[17.2185,60.6779]},"properties":{"NAMN":"Holmsund","TYP":"Boule","UPDDATUM":"20240215"}},{"type":"Feature","geometry":{"type":"Point","coordinates":[17.2182,60.6781]},"properties":{"NAMN":"Holmsund endast korg","TYP":"Basket","UPDDATUM":"20240308"}},{"type":"Feature","geometry":{"type":"Point","coordinates":[17.1253,60.6748]},"properties":{"NAMN":"Boulognerskogen","TYP":"Skridsko","UPDDATUM":"20240215"}},{"type":"Feature","geometry":{"type":"Point","coordinates":[17.1444,60.6802]},"properties":{"NAMN":"Nordost","TYP":"Basket","UPDDATUM":"20240308"}},{"type":"Feature","geometry":{"type":"Point","coordinates":[17.0519,60.6554]},"properties":{"NAMN":"Guldsmedsvägen","TYP":"Basket","UPDDATUM":"20240304"}},{"type":"Feature","geometry":{"type":"Point","coordinates":[17.142,60.6519]},"properties":{"NAMN":"Tellusparken Endast korg","TYP":"Basket","UPDDATUM":"20240215"}},{"type":"Feature","geometry":{"type":"Point","coordinates":[17.1255,60.6608]},"properties":{"NAMN":"Lokattvägen","TYP":"Boule","UPDDATUM":"20240215"}},{"type":"Feature","geometry":{"type":"Point","coordinates":[17.1473,60.6682]},"properties":{"NAMN":"Nobelparken","TYP":"Boule","UPDDATUM":"20240215"}},{"type":"Feature","geometry":{"type":"Point","coordinates":[17.1414,60.6789]},"properties":{"NAMN":"Primaparken","TYP":"Boule","UPDDATUM":"20240215"}},{"type":"Feature","geometry":{"type":"Point","coordinates":[17.2576,60.6714]},"properties":{"NAMN":"Storhagen","TYP":"Boule","UPDDATUM":"20240215"}},{"type":"Feature","geometry":{"type":"Point","coordinates":[17.1668,60.7203]},"properties":{"NAMN":"Arentvägen","TYP":"Boule","UPDDATUM":"20240215"}},{"type":"Feature","geometry":{"type":"Point","coordinates":[17.1229,60.6697]},"properties":{"NAMN":"Kungsbäcks IP","TYP":"Fotboll","UPDDATUM":"20240304"}},{"type":"Feature","geometry":{"type":"Point","coordinates":[17.1178,60.6898]},"properties":{"NAMN":"Norra Sätraängarna","TYP":"Fotboll","UPDDATUM":"20240304"}},{"type":"Feature","geometry":{"type":"Point","coordinates":[17.1789,60.6749]},"properties":{"NAMN":"Hammarparken","TYP":"Fotboll","UPDDATUM":"20240304"}},{"type":"Feature","geometry":{"type":"Point","coordinates":[17.1627,60.6688]},"properties":{"NAMN":"Gullregnsgatan","TYP":"Fotboll","UPDDATUM":"20240304"}},{"type":"Feature","geometry":{"type":"Point","coordinates":[17.1194,60.6598]},"properties":{"NAMN":"Ekvägen","TYP":"Fotboll","UPDDATUM":"20240304"}},{"type":"Feature","geometry":{"type":"Point","coordinates":[17.0866,60.6751]},"properties":{"NAMN":"Blekevägen","TYP":"Fotboll","UPDDATUM":"20240304"}},{"type":"Feature","geometry":{"type":"Point","coordinates":[17.0682,60.6715]},"properties":{"NAMN":"Lindesnäsvägen","TYP":"Fotboll","UPDDATUM":"20240304"}},{"type":"Feature","geometry":{"type":"Point","coordinates":[17.0628,60.6693]},"properties":{"NAMN":"Lindesnäsvägen 2","TYP":"Fotboll","UPDDATUM":"20240304"}},{"type":"Feature","geometry":{"type":"Point","coordinates":[17.0467,60.6525]},"properties":{"NAMN":"Alborga skola","TYP":"Fotboll","UPDDATUM":"20240304"}},{"type":"Feature","geometry":{"type":"Point","coordinates":[16.9852,60.6341]},"properties":{"NAMN":"Spikåsvägen","TYP":"Fotboll","UPDDATUM":"20240304"}},{"type":"Feature","geometry":{"type":"Point","coordinates":[17.1678,60.705]},"properties":{"NAMN":"Rösgatan","TYP":"Fotboll","UPDDATUM":"20240304"}},{"type":"Feature","geometry":{"type":"Point","coordinates":[17.1659,60.698]},"properties":{"NAMN":"Skyttelgatan","TYP":"Fotboll","UPDDATUM":"20240304"}},{"type":"Feature","geometry":{"type":"Point","coordinates":[17.1204,60.6866]},"properties":{"NAMN":"Sätraängarna","TYP":"Pulkabacke","UPDDATUM":"20240304"}},{"type":"Feature","geometry":{"type":"Point","coordinates":[17.1269,60.6561]},"properties":{"NAMN":"Videkullen","TYP":"Boule","UPDDATUM":"20240304"}},{"type":"Feature","geometry":{"type":"Point","coordinates":[16.9961,60.6418]},"properties":{"NAMN":"Siporexparken","TYP":"Gym","UPDDATUM":"20240405"}},{"type":"Feature","geometry":{"type":"Point","coordinates":[17.1784,60.6749]},"properties":{"NAMN":"Hammarparken","TYP":"Gym","UPDDATUM":"20240405"}},{"type":"Feature","geometry":{"type":"Point","coordinates":[17.1606,60.7095]},"properties":{"NAMN":"Stålbogatan","TYP":"Boule","UPDDATUM":"20240312"}},{"type":"Feature","geometry":{"type":"Point","coordinates":[17.1663,60.6776]},"properties":{"NAMN":"Ahlgrens park","TYP":"Boule","UPDDATUM":"20240312"}},{"type":"Feature","geometry":{"type":"Point","coordinates":[16.996,60.642]},"properties":{"NAMN":"Multisport Siporex","TYP":"Multisport","UPDDATUM":"20240417"}},{"type":"Feature","geometry":{"type":"Point","coordinates":[17.1415,60.6504]},"properties":{"NAMN":"Andersberg","TYP":"Fotboll","UPDDATUM":"20240221"}},{"type":"Feature","geometry":{"type":"Point","coordinates":[17.1301,60.6797]},"properties":{"NAMN":"Nynäsplan","TYP":"Fotboll","UPDDATUM":"20240312"}},{"type":"Feature","geometry":{"type":"Point","coordinates":[17.0954,60.6853]},"properties":{"NAMN":null,"TYP":"Fotboll","UPDDATUM":"20240222"}},{"type":"Feature","geometry":{"type":"Point","coordinates":[17.1576,60.6545]},"properties":{"NAMN":"Ledungsvägen","TYP":"Fotboll","UPDDATUM":"20240222"}},{"type":"Feature","geometry":{"type":"Point","coordinates":[17.2133,60.6631]},"properties":{"NAMN":null,"TYP":"Fotboll","UPDDATUM":"20240222"}},{"type":"Feature","geometry":{"type":"Point","coordinates":[17.166,60.6776]},"properties":{"NAMN":"Ahlgrens park","TYP":"Multisport","UPDDATUM":"20240312"}},{"type":"Feature","geometry":{"type":"Point","coordinates":[16.8969,60.6156]},"properties":{"NAMN":"Pumptrack Pilparken","TYP":"Pumptrack","UPDDATUM":"20240327"}},{"type":"Feature","geometry":{"type":"Point","coordinates":[17.1654,60.6775]},"properties":{"NAMN":"Ahlgrensparken","TYP":"Gym","UPDDATUM":"20240417"}},{"type":"Feature","geometry":{"type":"Point","coordinates":[17.1418,60.6493]},"properties":{"NAMN":"Andersberg Utegym","TYP":"Gym","UPDDATUM":"20240919"}},{"type":"Feature","geometry":{"type":"Point","coordinates":[17.3671,60.6504]},"properties":{"NAMN":"Ytterharnäs","TYP":"Pulkabacke","UPDDATUM":"20241011"}},{"type":"Feature","geometry":{"type":"Point","coordinates":[17.1497,60.6983]},"properties":{"NAMN":"Stigslund","TYP":"Skridsko","UPDDATUM":"20240215"}},{"type":"Feature","geometry":{"type":"Point","coordinates":[17.1634,60.6524]},"properties":{"NAMN":"Lövens Tä","TYP":"Skridsko","UPDDATUM":"20240215"}},{"type":"Feature","geometry":{"type":"Point","coordinates":[17.1587,60.6794]},"properties":{"NAMN":"Öster","TYP":"Skridsko","UPDDATUM":"20240215"}},{"type":"Feature","geometry":{"type":"Point","coordinates":[17.1222,60.6559]},"properties":{"NAMN":"Fridhem","TYP":"Skridsko","UPDDATUM":"20240215"}},{"type":"Feature","geometry":{"type":"Point","coordinates":[17.1439,60.668]},"properties":{"NAMN":"Vallbacksskolan","TYP":"Skridsko","UPDDATUM":"20240215"}}]}